Amount Vehicles:,26
Capacity:,40.0
Service Time:,0.0
Depot_Almacen_Habana,-82.35161,23.11845,0.0
HAB2446,-82.42832208,23.06391222,1.0
HAB4154,-82.37418259,23.07676812,1.0
HAB6223,-82.38684172,23.09415093,1.0
HAB9438,-82.38841141,23.11574125,1.0
HAB10623,-82.37411499,23.08146889,1.0
HAB17572,-82.37205505,23.08237692,1.0
HAB13199,-82.46328771,23.07004391,1.0
HAB10234,-82.34853208,23.09228101,1.0
HAB17093,-82.36467979,23.10344345,1.0
HAB15489,-82.15816498,23.11873275,1.0
HAB3219,-82.40247524,23.07152135,1.0
HAB6247,-82.42810212,23.08283142,1.0
HAB14435,-82.37538936,23.07704537,1.0
HAB17166,-82.37432767,23.08741605,1.0
HAB8455,-82.33966583,23.10114763,1.0
HAB3418,-82.36178756,23.06515283,1.0
HAB9346,-82.36017158,23.1093829,1.0
HAB5794,-82.35353233,23.0929861,1.0
HAB1399,-82.2938633,23.15314526,1.0
HAB3681,-82.37011286,23.04007729,1.0
HAB8855,-82.37462883,23.10338832,1.0
HAB4592,-82.39119262,22.97140352,1.0
HAB4152,-82.2450392,23.03358692,1.0
HAB7069,-82.42167671,23.00282028,1.0
HAB10063,-82.38119893,23.09475383,1.0
HAB14178,-82.29183063,23.05494296,1.0
HAB16101,-82.30540923,23.13366884,1.0
HAB11802,-82.36922288,23.10529644,1.0
HAB4394,-82.31100838,23.11959847,1.0
HAB1887,-82.41568705,23.13173467,1.0
HAB18588,-82.42979228,23.08458777,1.0
HAB16527,-82.30469106,23.13636003,1.0
HAB1012,-82.37800419,23.09274726,1.0
HAB12492,-82.39488333,23.12807423,1.0
HAB18793,-82.46183978,23.07213151,1.0
HAB11481,-82.42471218,23.07136166,1.0
HAB17336,-82.42546206,23.10090012,1.0
HAB12097,-82.41843239,23.11451939,1.0
HAB1360,-82.43849327,23.09863759,1.0
HAB14380,-82.37773061,23.13983711,1.0
HAB17975,-82.42428179,23.10078847,1.0
HAB12980,-82.27472484,23.16171725,1.0
HAB15182,-82.36556411,23.09934531,1.0
HAB17169,-82.42407092,23.10389118,1.0
HAB16965,-82.39153082,23.11736664,1.0
HAB2326,-82.38017677,23.08699886,1.0
HAB17501,-82.36879349,23.10515474,1.0
HAB10896,-82.47123918,22.98365659,1.0
HAB3518,-82.36230704,23.13246375,1.0
HAB8930,-82.24743906,23.09905541,1.0
HAB8098,-82.37929796,23.13667546,1.0
HAB4747,-82.37553156,23.08921267,1.0
HAB18337,-82.31707372,23.11604577,1.0
HAB12743,-82.37713303,23.11635183,1.0
HAB7377,-82.39968206,23.11804584,1.0
HAB12640,-82.36352092,23.04882843,1.0
HAB17208,-82.36798704,23.12486948,1.0
HAB2829,-82.36111476,23.1029432,1.0
HAB18442,-82.40961998,23.02403239,1.0
HAB3349,-82.38681793,22.97672748,1.0
HAB9622,-82.37162159,23.09711092,1.0
HAB9462,-82.36278534,23.10026001,1.0
HAB4634,-82.38527298,23.01064306,1.0
HAB3883,-82.43221543,23.06792725,1.0
HAB16862,-82.37938021,23.12509103,1.0
HAB11608,-82.37152129,23.09545392,1.0
HAB1286,-82.38109946,23.12043977,1.0
HAB16181,-82.36658335,23.1277363,1.0
HAB10442,-82.37119675,23.08431141,1.0
HAB15810,-82.37006388,23.09744744,1.0
HAB8434,-82.34294236,23.05909349,1.0
HAB2918,-82.38405176,23.05682318,1.0
HAB15543,-82.37672706,23.1163802,1.0
HAB7460,-82.36684148,23.1048249,1.0
HAB14270,-82.23369598,23.10625998,1.0
HAB1377,-82.19558716,23.12501773,1.0
HAB17654,-82.29784369,23.1297984,1.0
HAB12915,-82.37911654,23.10250607,1.0
HAB6473,-82.3113312,23.12953594,1.0
HAB16515,-82.37108409,23.1175018,1.0
HAB14659,-82.46825702,23.04673795,1.0
HAB15211,-82.42049343,23.08751513,1.0
HAB2350,-82.4338807,23.07763884,1.0
HAB14449,-82.37253785,23.08999781,1.0
HAB9572,-82.32289456,23.12124568,1.0
HAB13155,-82.39435673,23.00818412,1.0
HAB18210,-82.37434636,23.11813555,1.0
HAB1134,-82.44655327,23.06992042,1.0
HAB8488,-82.33308969,23.12466452,1.0
HAB5816,-82.47194052,22.98354288,1.0
HAB16710,-82.38679219,23.11593869,1.0
HAB8865,-82.36781787,23.08464024,1.0
HAB14013,-82.35043541,23.09665442,1.0
HAB3785,-82.34667256,23.09289389,1.0
HAB7310,-82.39039738,23.11789777,1.0
HAB5907,-82.37928629,23.02595857,1.0
HAB10115,-82.47116268,22.98390833,1.0
HAB9368,-82.46703297,23.07194978,1.0
HAB1947,-82.3650633,23.13015167,1.0
HAB16468,-82.37908328,23.07631714,1.0
HAB13406,-82.34682647,23.09519085,1.0
HAB6138,-82.29704498,23.12985866,1.0
HAB17327,-82.40060875,23.11433482,1.0
HAB14631,-82.3687403,23.10344924,1.0
HAB17539,-82.41644917,23.09325749,1.0
HAB5069,-82.33361057,23.12648933,1.0
HAB1334,-82.39487641,23.00347472,1.0
HAB4799,-82.36759186,23.13499297,1.0
HAB6590,-82.3818934,23.08564382,1.0
HAB7806,-82.37042975,23.09808622,1.0
HAB18842,-82.50897114,23.07799505,1.0
HAB10272,-82.36741774,23.10652791,1.0
HAB11772,-82.46778488,23.03566441,1.0
HAB9236,-82.38248192,23.09118454,1.0
HAB10725,-82.39267581,23.13700291,1.0
HAB17744,-82.37606559,23.08745916,1.0
HAB7357,-82.30534984,23.16532138,1.0
HAB9238,-82.39738593,23.13203527,1.0
HAB7423,-82.34219066,23.145269,1.0
HAB6687,-82.47107148,22.98384804,1.0
HAB9229,-82.30375144,23.08103308,1.0
HAB7589,-82.13378906,23.10082202,1.0
HAB7227,-82.22142003,23.13110754,1.0
HAB1789,-82.50119536,23.01951211,1.0
HAB3004,-82.38546603,23.1434844,1.0
HAB3275,-82.36156225,23.09997382,1.0
HAB16131,-82.35695733,23.0961271,1.0
HAB6405,-82.3916853,23.1155969,1.0
HAB17263,-82.32448795,23.12501494,1.0
HAB3851,-82.3673078,23.13027952,1.0
HAB7995,-82.40734577,23.13216221,1.0
HAB2841,-82.42808664,23.10616697,1.0
HAB5173,-82.32298289,23.12130521,1.0
HAB2810,-82.36250103,23.13857183,1.0
HAB15705,-82.46870041,23.03376872,1.0
HAB3970,-82.42570036,23.09801387,1.0
HAB3196,-82.2727865,23.05270306,1.0
HAB11230,-82.44954944,23.07282251,1.0
HAB10284,-82.36297277,23.08753311,1.0
HAB12296,-82.45420464,23.05510976,1.0
HAB3457,-82.38886178,23.06896058,1.0
HAB6914,-82.41908312,23.1004837,1.0
HAB18309,-82.38607764,23.1170257,1.0
HAB5364,-82.33946469,23.07214524,1.0
HAB6533,-82.37346053,23.09423016,1.0
HAB2960,-82.37585901,23.08198936,1.0
HAB10995,-82.37384246,23.12492723,1.0
HAB12510,-82.38355637,23.09110164,1.0
HAB16022,-82.39523632,23.01075087,1.0
HAB9015,-82.39434976,23.0045243,1.0
HAB14032,-82.40355814,23.12251433,1.0
HAB8297,-82.36228778,23.09498295,1.0
HAB14959,-82.25865337,23.06280455,1.0
HAB16156,-82.37144194,23.08224907,1.0
HAB5030,-82.35918045,23.09457558,1.0
HAB16554,-82.47774132,23.04009333,1.0
HAB13191,-82.33364582,23.09864155,1.0
HAB9365,-82.36049755,23.08208836,1.0
HAB4231,-82.41313293,23.11196946,1.0
HAB16872,-82.42217079,23.09906282,1.0
HAB8942,-82.35720513,23.09147114,1.0
HAB9088,-82.3763144,23.08175759,1.0
HAB10332,-82.32790589,23.09746717,1.0
HAB3701,-82.44509943,23.05439653,1.0
HAB18238,-82.38274562,23.08885412,1.0
HAB10882,-82.46881664,23.08714401,1.0
HAB10194,-82.32511204,23.07877791,1.0
HAB13449,-82.36116019,23.06517393,1.0
HAB17841,-82.38727256,23.08322327,1.0
HAB11394,-82.47041773,23.06382184,1.0
HAB12252,-82.43209031,23.10249853,1.0
HAB18580,-82.36659139,23.0886417,1.0
HAB15681,-82.39595737,23.13195666,1.0
HAB12099,-82.38516611,23.09326094,1.0
HAB15090,-82.35733637,23.10738835,1.0
HAB15636,-82.43534446,23.07264237,1.0
HAB5333,-82.25740288,23.03999378,1.0
HAB12005,-82.37421566,23.0649763,1.0
HAB13565,-82.38544464,23.09252281,1.0
HAB18796,-82.39284874,23.13552486,1.0
HAB1873,-82.3865068,23.0912102,1.0
HAB5770,-82.33102441,23.04638972,1.0
HAB14847,-82.37395256,23.08609783,1.0
HAB17409,-82.39102946,23.11973601,1.0
HAB1472,-82.37399744,23.09976748,1.0
HAB17900,-82.39039738,23.11789777,1.0
HAB5238,-82.36803858,23.12871079,1.0
HAB8572,-82.33546566,23.07015684,1.0
HAB14674,-82.32577718,23.12693045,1.0
HAB8580,-82.16812134,23.1252055,1.0
HAB15671,-82.38572001,22.96826371,1.0
HAB17594,-82.38153981,22.98708836,1.0
HAB18407,-82.36199321,23.09369372,1.0
HAB7599,-82.30760336,23.09692603,1.0
HAB17398,-82.41115018,23.11804369,1.0
HAB15659,-82.39406584,23.07048054,1.0
HAB13070,-82.39217162,23.11854527,1.0
HAB13133,-82.38973618,22.99458508,1.0
HAB9084,-82.36862183,23.13467726,1.0
HAB18529,-82.36528113,23.13701425,1.0
HAB4176,-82.35981589,23.09477097,1.0
HAB3375,-82.39070177,23.09458545,1.0
HAB14825,-82.4042819,23.12742976,1.0
HAB8875,-82.35188021,23.09579878,1.0
HAB8048,-82.38679647,23.11469699,1.0
HAB2506,-82.50463785,23.0763417,1.0
HAB3725,-82.38755286,23.09076101,1.0
HAB1425,-82.46767044,23.03267694,1.0
HAB9465,-82.38389414,23.12542759,1.0
HAB9689,-82.37298345,23.11619079,1.0
HAB9415,-82.37607973,23.1350174,1.0
HAB1824,-82.42767125,23.06909516,1.0
HAB15226,-82.42649945,23.09802668,1.0
HAB1756,-82.37749132,23.09080332,1.0
HAB9535,-82.36741774,23.10652791,1.0
HAB5642,-82.38623087,23.07232855,1.0
HAB17609,-82.25289748,23.03352505,1.0
HAB17585,-82.40666343,23.02608694,1.0
HAB9326,-82.40121639,23.11887875,1.0
HAB11289,-82.42904947,23.00747717,1.0
HAB3752,-82.45977402,23.08478516,1.0
HAB17439,-82.44197664,23.05994075,1.0
HAB8828,-82.37377167,23.10673365,1.0
HAB13922,-82.38939285,23.05868706,1.0
HAB10893,-82.29561746,23.16450398,1.0
HAB3537,-82.38566995,23.11789896,1.0
HAB17462,-82.32285358,23.01870124,1.0
HAB16691,-82.46758461,23.05232957,1.0
HAB4527,-82.43129863,23.09926221,1.0
HAB3321,-82.39495524,23.01243327,1.0
HAB7073,-82.38695781,23.1441088,1.0
HAB3687,-82.21457021,23.14744152,1.0
HAB13724,-82.40478869,23.13045342,1.0
HAB7598,-82.38394054,23.08863649,1.0
HAB11950,-82.36034989,23.13750879,1.0
HAB1142,-82.40440249,23.12168795,1.0
HAB7838,-82.36627579,23.12778399,1.0
HAB5588,-82.30282328,23.12655821,1.0
HAB1215,-82.40599589,23.10154315,1.0
HAB14220,-82.48518527,23.04369119,1.0
HAB11088,-82.38031167,23.02657598,1.0
HAB5481,-82.35252857,23.07139127,1.0
HAB10395,-82.38901064,22.99679243,1.0
HAB7972,-82.36827812,23.10238598,1.0
HAB5452,-82.42985129,23.08452855,1.0
HAB3367,-82.3876505,23.10633024,1.0
HAB11205,-82.46649862,23.05520824,1.0
HAB7235,-82.33410773,23.12605813,1.0
HAB17785,-82.39005009,23.12932464,1.0
HAB3105,-82.46930838,23.05717998,1.0
HAB16969,-82.37113152,23.12485648,1.0
HAB8907,-82.42679577,23.08349003,1.0
HAB4266,-82.378569,23.09767284,1.0
HAB12803,-82.38144168,23.0293651,1.0
HAB14227,-82.41927534,23.11958605,1.0
HAB2693,-82.30055057,23.12279971,1.0
HAB16243,-82.39654577,23.10786524,1.0
HAB2926,-82.51353451,23.07868655,1.0
HAB12310,-82.33100116,23.11880675,1.0
HAB10702,-82.47561514,23.05862783,1.0
HAB12558,-82.45679945,23.0045771,1.0
HAB2913,-82.33405967,23.12222484,1.0
HAB2294,-82.37540245,22.95633847,1.0
HAB18893,-82.37692236,23.11978823,1.0
HAB9147,-82.23998314,23.13035582,1.0
HAB12995,-82.24958287,23.12883187,1.0
HAB18699,-82.46337891,23.08604848,1.0
HAB3927,-82.31930137,23.09333701,1.0
HAB2650,-82.37000368,23.13422191,1.0
HAB8165,-82.37925947,23.02566976,1.0
HAB8431,-82.43864297,23.08406678,1.0
HAB8641,-82.37742632,23.14275512,1.0
HAB13442,-82.42202742,23.1049522,1.0
HAB10169,-82.41428375,23.06614982,1.0
HAB13794,-82.35471725,23.10420739,1.0
HAB1611,-82.49010989,23.0225201,1.0
HAB4827,-82.40990433,23.02241581,1.0
HAB8501,-82.43470877,23.1049656,1.0
HAB1126,-82.45935559,23.03141387,1.0
HAB8869,-82.3461325,22.96743965,1.0
HAB12224,-82.36867179,23.10142947,1.0
HAB17939,-82.33549939,23.06704302,1.0
HAB15435,-82.46253133,23.06939737,1.0
HAB4393,-82.3674202,23.10420739,1.0
HAB10318,-82.38267933,22.97936722,1.0
HAB1047,-82.44383312,23.09773057,1.0
HAB15480,-82.3631637,23.14012799,1.0
HAB17162,-82.37757143,23.08231164,1.0
HAB8019,-82.46801989,23.08985677,1.0
HAB6631,-82.42148638,23.10936512,1.0
HAB13516,-82.39149023,23.13894939,1.0
HAB6105,-82.43097425,23.10740797,1.0
HAB16556,-82.47364673,23.00941323,1.0
HAB12994,-82.39069104,23.09480256,1.0
HAB4631,-82.28305399,23.16642249,1.0
HAB16153,-82.38938114,23.01093252,1.0
HAB5636,-82.26474789,23.04982284,1.0
HAB6707,-82.331132,23.15658054,1.0
HAB6029,-82.32735336,23.10377318,1.0
HAB5091,-82.388491,23.00269938,1.0
HAB14166,-82.37704933,23.12860085,1.0
HAB13389,-82.41367341,23.11613852,1.0
HAB10812,-82.51778533,23.07511293,1.0
HAB10631,-82.38980055,23.08214005,1.0
HAB8321,-82.36120442,23.13484393,1.0
HAB6566,-82.38882156,22.99665521,1.0
HAB17131,-82.38864643,22.998231,1.0
HAB12796,-82.38791376,23.07239485,1.0
HAB7181,-82.42600303,23.07513501,1.0
HAB7747,-82.363562,23.10070917,1.0
HAB4605,-82.24444628,23.03595481,1.0
HAB2897,-82.38696189,23.0985728,1.0
HAB18698,-82.37912209,23.05938423,1.0
HAB10420,-82.35096639,23.04918146,1.0
HAB11945,-82.17498779,23.15172473,1.0
HAB6409,-82.32642531,23.08273306,1.0
HAB4670,-82.33055852,23.10601869,1.0
HAB3140,-82.3131391,23.08100752,1.0
HAB8787,-82.38408016,23.11789871,1.0
HAB10302,-82.36675395,23.10635583,1.0
HAB18877,-82.21927643,23.08225848,1.0
HAB13241,-82.32133865,23.03922302,1.0
HAB3083,-82.39977499,23.13224043,1.0
HAB1855,-82.3814908,23.1196518,1.0
HAB4908,-82.47402468,23.06103219,1.0
HAB15571,-82.43143648,23.10318478,1.0
HAB9643,-82.51195908,23.08065061,1.0
HAB5151,-82.37839311,22.97750893,1.0
HAB7509,-82.37401773,23.10318191,1.0
HAB17391,-82.34090174,23.09923077,1.0
HAB10661,-82.41684826,23.09292887,1.0
HAB10141,-82.42042332,23.10224639,1.0
HAB18816,-82.36173448,23.07841055,1.0
HAB2256,-82.46616751,23.05643599,1.0
HAB3750,-82.2755599,23.16540652,1.0
HAB8061,-82.32157957,23.0980019,1.0
HAB9284,-82.36562942,23.08676333,1.0
HAB11254,-82.38201289,23.08738342,1.0
HAB13146,-82.43670702,23.09783379,1.0
HAB3361,-82.34958082,23.0936849,1.0
HAB4174,-82.44314432,23.0560513,1.0
HAB5573,-82.39027798,23.01780236,1.0
HAB2586,-82.37543109,23.14091502,1.0
HAB6703,-82.379975,23.10503236,1.0
HAB10363,-82.43021973,23.1118841,1.0
HAB15681,-82.30284086,23.06133152,1.0
HAB8386,-82.47002542,23.03184338,1.0
HAB4835,-82.35830069,23.09936196,1.0
HAB16036,-82.38319902,23.00194196,1.0
HAB6543,-82.37650097,23.13960831,1.0
HAB8941,-82.42698669,23.0050141,1.0
HAB14280,-82.41193254,23.11537471,1.0
HAB11345,-82.34871778,23.09023165,1.0
HAB10400,-82.37079978,23.09743756,1.0
HAB2618,-82.41647243,23.09109345,1.0
HAB6182,-82.36192768,23.09357151,1.0
HAB13920,-82.38235765,23.13763078,1.0
HAB14964,-82.40313872,23.13852101,1.0
HAB1727,-82.38031087,23.13667402,1.0
HAB15121,-82.3587799,23.09562827,1.0
HAB4093,-82.27965832,23.16022793,1.0
HAB2533,-82.38096363,23.14014335,1.0
HAB8984,-82.38578024,23.09841444,1.0
HAB4236,-82.42663264,23.12127847,1.0
HAB5160,-82.37161316,23.09205795,1.0
HAB8539,-82.29084921,23.1135117,1.0
HAB4735,-82.38798551,22.99156221,1.0
HAB6309,-82.49359936,23.02137262,1.0
HAB4787,-82.35716497,23.11017474,1.0
HAB12431,-82.39231736,23.11504761,1.0
HAB10324,-82.46745194,23.05393254,1.0
HAB12137,-82.28063464,23.15160737,1.0
HAB6108,-82.38765449,22.97325329,1.0
HAB2417,-82.38259976,23.10052217,1.0
HAB8271,-82.15589184,23.16969391,1.0
HAB11781,-82.42889038,23.10470825,1.0
HAB12412,-82.4193691,23.11099671,1.0
HAB15181,-82.38643169,23.06472837,1.0
HAB17937,-82.39485466,23.06932068,1.0
HAB17633,-82.36022226,23.093197,1.0
HAB15948,-82.33526027,23.09585608,1.0
HAB7771,-82.3749478,23.10295289,1.0
HAB12438,-82.40709238,23.09917826,1.0
HAB15841,-82.41110703,23.01111313,1.0
HAB6035,-82.36073797,23.10864376,1.0
HAB10485,-82.29605894,23.11751391,1.0
HAB7122,-82.30882926,23.1275782,1.0
HAB7922,-82.34830778,23.09181424,1.0
HAB9666,-82.37404901,23.08231825,1.0
HAB18745,-82.47117448,22.98369747,1.0
HAB15178,-82.37991893,23.09489962,1.0
HAB2544,-82.43983009,23.06294262,1.0
HAB4182,-82.32858208,23.08423249,1.0
HAB2002,-82.36883104,23.08286055,1.0
HAB12821,-82.41654304,23.09293078,1.0
HAB18590,-82.35412027,23.09211916,1.0
HAB17741,-82.38723131,23.09103594,1.0
HAB16656,-82.4128747,23.09141088,1.0
HAB15809,-82.39727578,23.12503436,1.0
HAB14915,-82.38244436,23.11915629,1.0
HAB16028,-82.40527689,23.13675405,1.0
HAB7022,-82.35494834,23.00523226,1.0
HAB4911,-82.19432831,23.06088513,1.0
HAB6894,-82.46055993,23.08966843,1.0
HAB5511,-82.43972771,23.07812831,1.0
HAB9128,-82.39142059,23.0137724,1.0
HAB17760,-82.4076426,23.1252943,1.0
HAB12268,-82.36123727,23.07301655,1.0
HAB16125,-82.38255292,23.11434727,1.0
HAB1848,-82.35932016,23.09031003,1.0
HAB1524,-82.39995316,23.10819248,1.0
HAB8657,-82.38314013,23.11428041,1.0
HAB10917,-82.35351563,23.0958388,1.0
HAB8555,-82.33711419,23.10014979,1.0
HAB9028,-82.3706283,23.11096829,1.0
HAB7600,-82.35249639,23.10432827,1.0
HAB17988,-82.35905149,23.11130872,1.0
HAB3585,-82.37550812,23.09028322,1.0
HAB5973,-82.33081967,23.10632392,1.0
HAB18832,-82.29503113,23.15781845,1.0
HAB2023,-82.32154459,23.08011423,1.0
HAB17031,-82.52374643,23.07083595,1.0
HAB12370,-82.3728311,23.08467857,1.0
HAB11953,-82.35985606,23.11065508,1.0
HAB12426,-82.24966049,23.10041791,1.0
HAB17622,-82.45130431,23.06148341,1.0
HAB7402,-82.41348445,23.11496588,1.0
HAB12394,-82.35462418,23.06499255,1.0
HAB5735,-82.38265514,23.12812603,1.0
HAB9907,-82.29033968,23.11842764,1.0
HAB8416,-82.466629,22.98583409,1.0
HAB13171,-82.36133624,23.13552784,1.0
HAB13035,-82.41593629,23.13104654,1.0
HAB9491,-82.40011096,23.13650246,1.0
HAB14306,-82.42920274,23.07407224,1.0
HAB8685,-82.3981905,23.08282537,1.0
HAB10473,-82.41874695,23.08194265,1.0
HAB5149,-82.37669549,23.11044401,1.0
HAB7853,-82.4086225,23.12023585,1.0
HAB18013,-82.37699483,23.09966346,1.0
HAB1677,-82.27637798,23.16470337,1.0
HAB2843,-82.38235765,23.13763078,1.0
HAB13213,-82.32421517,23.01574842,1.0
HAB17025,-82.381078,23.12845656,1.0
HAB16659,-82.42055323,23.11117736,1.0
HAB1130,-82.27398679,23.17144427,1.0
HAB5684,-82.39288849,23.13410618,1.0
HAB10174,-82.428009,23.05819129,1.0
HAB14995,-82.36947415,23.10732252,1.0
HAB15577,-82.38389239,23.05534681,1.0
HAB7680,-82.37603625,23.13433476,1.0
HAB12171,-82.41410825,23.10081054,1.0
HAB18682,-82.36573325,23.10336375,1.0
HAB7021,-82.37346053,23.02152505,1.0
HAB14866,-82.37005723,23.10193267,1.0
HAB10995,-82.35267878,23.06310948,1.0
HAB3720,-82.32982635,23.16008983,1.0
HAB3119,-82.45247563,23.04407552,1.0
HAB4994,-82.41143705,23.00846197,1.0
HAB8834,-82.43121944,23.10615599,1.0
HAB4654,-82.39620983,23.0723829,1.0
HAB12915,-82.3782067,23.06329122,1.0
HAB10742,-82.42083565,23.08534033,1.0
HAB5816,-82.36527178,23.09313538,1.0
HAB11834,-82.30218887,23.06441249,1.0
HAB15056,-82.40504254,23.11922943,1.0
HAB10378,-82.41333789,23.1017915,1.0
HAB8832,-82.38450587,23.08894025,1.0
HAB3771,-82.38405176,23.05682318,1.0
HAB10627,-82.37372166,23.12352999,1.0
HAB5038,-82.40233183,23.10720074,1.0
HAB8931,-82.38209202,23.11187457,1.0
HAB12360,-82.44489324,23.10047678,1.0
HAB9224,-82.473713,23.06051083,1.0
HAB13693,-82.38963098,23.08921815,1.0
HAB12780,-82.29742661,23.06512824,1.0
HAB12784,-82.4536697,23.05930012,1.0
HAB3498,-82.16468524,23.13967648,1.0
HAB2775,-82.42101658,23.08537792,1.0
HAB12861,-82.4625206,23.0874697,1.0
HAB9971,-82.38694845,23.11691359,1.0
HAB5111,-82.38355637,23.10026001,1.0
HAB5780,-82.36242904,23.08536478,1.0
HAB6534,-82.36214891,23.09130077,1.0
HAB15205,-82.35683079,23.09829361,1.0
HAB7446,-82.37757143,23.08231164,1.0
HAB16320,-82.33926256,23.07142516,1.0
HAB11288,-82.41970285,23.08263289,1.0
HAB15192,-82.3057483,23.12269085,1.0
HAB18466,-82.4181515,23.09968154,1.0
HAB6844,-82.42020607,23.05674233,1.0
HAB6379,-82.41240621,23.00754222,1.0
HAB15723,-82.30193138,23.06220132,1.0
HAB8398,-82.38846455,23.10054689,1.0
HAB5225,-82.40306508,23.05114052,1.0
HAB15098,-82.33350431,23.12786207,1.0
HAB5719,-82.42047624,23.10354937,1.0
HAB17246,-82.36236728,23.06129983,1.0
HAB9769,-82.30331949,23.14577498,1.0
HAB9407,-82.42724419,23.10939802,1.0
HAB4057,-82.36293784,23.10238224,1.0
HAB7995,-82.40519218,23.12665756,1.0
HAB5344,-82.41247253,23.10199581,1.0
HAB3319,-82.38775605,23.113095,1.0
HAB4974,-82.38484139,22.97230222,1.0
HAB17999,-82.36069721,23.10932066,1.0
HAB2497,-82.43360803,23.10843978,1.0
HAB10991,-82.46889279,23.03991463,1.0
HAB2300,-82.41409096,23.10308212,1.0
HAB11858,-82.37351179,23.10512856,1.0
HAB11133,-82.38395333,22.97851779,1.0
HAB1603,-82.4282911,23.07103415,1.0
HAB18075,-82.36929843,23.12112922,1.0
HAB8795,-82.38957256,23.0910893,1.0
HAB9067,-82.3771137,23.1273737,1.0
HAB7203,-82.42487631,23.08543932,1.0
HAB7260,-82.39906254,23.12938934,1.0
HAB15777,-82.35963595,23.09996151,1.0
HAB8857,-82.37633606,23.10355216,1.0
HAB7377,-82.3957673,23.06272993,1.0
HAB9216,-82.39170537,22.97264605,1.0
HAB6713,-82.36175537,23.10120739,1.0
HAB17549,-82.37523079,23.13107116,1.0
HAB9172,-82.43148254,23.10116792,1.0
HAB13487,-82.14479685,23.15826494,1.0
HAB3557,-82.27300644,23.15909847,1.0
HAB8188,-82.35908389,23.11130991,1.0
HAB8582,-82.3747335,23.03450952,1.0
HAB8767,-82.33671427,23.09530588,1.0
HAB16495,-82.40243375,22.95497021,1.0
HAB17819,-82.40247524,23.07152135,1.0
HAB8879,-82.37531774,23.08271291,1.0
HAB15936,-82.17793398,23.13527308,1.0
HAB4685,-82.29295135,23.11314777,1.0
HAB13965,-82.45487464,23.06604351,1.0
HAB15315,-82.43463983,23.0983408,1.0
HAB15826,-82.29948827,23.06861917,1.0
HAB10428,-82.37523061,23.09919945,1.0
HAB12221,-82.3860353,23.09384985,1.0
HAB15588,-82.37859347,23.09463866,1.0
HAB5840,-82.36433029,23.08383766,1.0
HAB18167,-82.42562389,23.0845778,1.0
HAB1463,-82.35813606,23.10813911,1.0
HAB9180,-82.46132114,23.0626534,1.0
HAB17005,-82.43872404,23.06334639,1.0
HAB15065,-82.35839221,23.10921716,1.0
HAB17431,-82.37188402,23.08276303,1.0
HAB5714,-82.32195343,23.11786857,1.0
HAB18781,-82.40446567,23.12609238,1.0
HAB8757,-82.38487525,23.11460509,1.0
HAB13910,-82.34705383,23.06174541,1.0
HAB15751,-82.44740979,23.0618008,1.0
HAB5151,-82.37679183,23.11053776,1.0
HAB5800,-82.3991695,23.13719184,1.0
HAB14769,-82.45325089,23.08321586,1.0
HAB7891,-82.36836433,23.13336506,1.0
HAB5802,-82.39185833,23.08787721,1.0
HAB8101,-82.42956282,23.10336866,1.0
HAB3052,-82.38295421,23.13870008,1.0
HAB12428,-82.37110019,23.09179249,1.0
HAB12937,-82.42330148,23.002655,1.0
HAB18038,-82.16333192,23.12214553,1.0
HAB8932,-82.36604691,23.1038916,1.0
HAB11580,-82.34267742,23.08553744,1.0
HAB7017,-82.38696009,23.08909323,1.0
HAB7528,-82.38542021,23.11165784,1.0
HAB10538,-82.32885003,23.10737014,1.0
HAB15128,-82.37081051,23.09742769,1.0
HAB1676,-82.39431739,23.06462801,1.0
HAB13894,-82.37216891,23.09975534,1.0
HAB15189,-82.40081921,23.11498339,1.0
HAB3644,-82.37345229,23.13799052,1.0
HAB2915,-82.36720497,23.09869321,1.0
HAB12392,-82.39422762,23.11350463,1.0
HAB3210,-82.48426402,23.05340418,1.0
HAB7500,-82.44585573,23.0993909,1.0
HAB17489,-82.36925486,23.08358785,1.0
HAB5157,-82.45857239,23.08857508,1.0
HAB8052,-82.38947868,23.14282812,1.0
HAB5306,-82.37955451,23.0537314,1.0
HAB3574,-82.35958911,23.10340694,1.0
HAB2936,-82.4256134,23.00801624,1.0
HAB5160,-82.25922915,23.03435459,1.0
HAB18746,-82.34610367,23.05982713,1.0
HAB15550,-82.36570358,23.06409661,1.0
HAB14116,-82.41154656,23.02078475,1.0
HAB12106,-82.44982924,23.07294104,1.0
HAB9474,-82.35458304,23.09310594,1.0
HAB7387,-82.41549611,23.11365102,1.0
HAB1191,-82.37642342,23.09675889,1.0
HAB10195,-82.38570004,23.10730846,1.0
HAB2884,-82.39192851,23.01414749,1.0
HAB14763,-82.43833226,23.08367573,1.0
HAB2633,-82.34714565,23.093552,1.0
HAB15999,-82.4419938,23.06623227,1.0
HAB7109,-82.42233567,23.09858835,1.0
HAB10597,-82.36021455,23.09979138,1.0
HAB14537,-82.35692126,23.11124495,1.0
HAB15996,-82.40068487,23.13844446,1.0
HAB13637,-82.39003981,23.14458342,1.0
HAB3424,-82.41901214,23.1114695,1.0
HAB13707,-82.41309868,23.00528966,1.0
HAB13054,-82.26782113,23.0536816,1.0
HAB17918,-82.36819524,23.12616627,1.0
HAB15297,-82.36648389,23.08389658,1.0
HAB10424,-82.36635878,23.09333086,1.0
HAB4600,-82.35028625,23.0874697,1.0
HAB7414,-82.401979,23.11613141,1.0
HAB15351,-82.37133871,23.08854311,1.0
HAB18635,-82.35900879,23.10862832,1.0
HAB13015,-82.39276573,23.08665423,1.0
HAB4400,-82.40525059,23.1265974,1.0
HAB13098,-82.38097113,23.11759642,1.0
HAB13417,-82.37029975,23.10265588,1.0
HAB10975,-82.35249076,23.10324466,1.0
HAB18487,-82.36746368,23.1390873,1.0
HAB10471,-82.41484179,23.02305364,1.0
HAB6329,-82.3954761,23.05893878,1.0
HAB11890,-82.28095583,23.0456547,1.0
HAB6071,-82.32299209,23.12412195,1.0
HAB7738,-82.37754099,22.97763976,1.0
HAB4193,-82.37949014,23.03137931,1.0
HAB4573,-82.4160872,23.11597427,1.0
HAB1267,-82.36642957,23.10362845,1.0
HAB4431,-82.31985927,23.10835201,1.0
HAB18900,-82.35416472,23.10829404,1.0
HAB4196,-82.39529719,23.06276109,1.0
HAB16448,-82.37417971,23.11524065,1.0
HAB6641,-82.38502325,23.05631534,1.0
HAB18816,-82.43408918,23.11006903,1.0
HAB15923,-82.3709929,23.08796318,1.0
HAB17069,-82.34717741,23.09056269,1.0
HAB2252,-82.3349762,23.09299653,1.0
HAB6243,-82.42904136,23.1122152,1.0
HAB13418,-82.36465644,23.13643149,1.0
HAB2997,-82.41085052,23.09125955,1.0
HAB1320,-82.35395551,23.07419452,1.0
HAB18736,-82.39581998,23.12865433,1.0
HAB2777,-82.36124039,23.09647041,1.0
HAB16247,-82.4105072,23.12189023,1.0
HAB6687,-82.38080828,23.12351148,1.0
HAB4196,-82.37197442,23.03670719,1.0
HAB2963,-82.36044712,23.06856081,1.0
HAB7529,-82.42175385,23.10345058,1.0
HAB3535,-82.38225818,23.12058284,1.0
HAB4007,-82.38355637,23.13941288,1.0
HAB16329,-82.39115238,23.11751167,1.0
HAB16097,-82.37208188,23.03947053,1.0
HAB9765,-82.30630875,23.08146889,1.0
HAB11780,-82.27729902,23.05345608,1.0
HAB18641,-82.38162115,23.12942347,1.0
HAB10427,-82.17756271,23.13388797,1.0
HAB1324,-82.38204606,23.12879748,1.0
HAB17971,-82.39021284,23.12056715,1.0
HAB12366,-82.33746647,23.09281421,1.0
HAB12148,-82.34650127,23.09195716,1.0
HAB14688,-82.38451839,22.97427494,1.0
HAB16062,-82.36867179,23.10142947,1.0
HAB14686,-82.38002388,23.12237454,1.0
HAB16480,-82.3929277,23.13315013,1.0
HAB3316,-82.31547117,23.12460362,1.0
HAB6782,-82.37684357,23.07144348,1.0
HAB16122,-82.42965099,23.10908132,1.0
HAB3231,-82.37895663,23.10727712,1.0
HAB1098,-82.38852186,23.10531137,1.0
HAB3270,-82.15078354,23.1637198,1.0
HAB8774,-82.40093321,23.12863067,1.0
HAB9195,-82.32875842,23.11791685,1.0
HAB7155,-82.36556411,23.09997382,1.0
HAB14815,-82.52036016,23.07440281,1.0
HAB13567,-82.3941972,23.14014814,1.0
HAB14343,-82.39778282,23.14270862,1.0
HAB13548,-82.41952479,23.08403999,1.0
HAB15865,-82.32328713,23.12060258,1.0
HAB11688,-82.35089224,23.09208087,1.0
HAB8922,-82.37206842,23.13448831,1.0
HAB12574,-82.3744154,23.09781257,1.0
HAB3511,-82.36721767,23.13915744,1.0
HAB18449,-82.39116421,23.11330606,1.0
HAB15073,-82.35106105,23.09868268,1.0
HAB6164,-82.35920248,23.09090472,1.0
HAB13505,-82.41646731,23.10548851,1.0
HAB12153,-82.35115004,23.08758425,1.0
HAB18913,-82.37852991,23.12360461,1.0
HAB1355,-82.48485804,23.04377017,1.0
HAB12326,-82.36896515,23.13483511,1.0
HAB17291,-82.39000211,23.01484164,1.0
HAB10695,-82.43274128,23.10689276,1.0
HAB15382,-82.29662478,23.05923749,1.0
HAB11929,-82.38529444,23.09356893,1.0
HAB17078,-82.46799823,23.05501304,1.0
HAB12193,-82.38105699,23.1130736,1.0
HAB8946,-82.38115583,23.08501831,1.0
HAB1234,-82.46465313,22.98789863,1.0
HAB13459,-82.3401475,23.14296943,1.0
HAB4294,-82.46601975,23.05351238,1.0
HAB1460,-82.36970271,23.13884159,1.0
HAB12305,-82.37472653,23.02437872,1.0
HAB9956,-82.38740551,23.08267579,1.0
HAB11211,-82.42156595,23.08211784,1.0
HAB15123,-82.37392773,23.09815337,1.0
HAB6635,-82.40141183,23.12622935,1.0
HAB13895,-82.38533015,23.13704398,1.0
HAB13753,-82.39745557,23.14408422,1.0
HAB1615,-82.31509672,23.07559126,1.0
HAB4035,-82.37222672,23.12646844,1.0
HAB18906,-82.40379044,23.02370115,1.0
HAB5366,-82.26181626,23.1698353,1.0
HAB17929,-82.40010023,23.10799676,1.0
HAB2508,-82.36477801,23.1105664,1.0
HAB12575,-82.28177625,23.12135882,1.0
HAB3513,-82.43918843,23.10119394,1.0
HAB7073,-82.39096463,23.11995135,1.0
HAB12763,-82.40247812,23.13483713,1.0
HAB10527,-82.41402805,23.02366942,1.0
HAB5054,-82.38707542,23.11365102,1.0
HAB12203,-82.37952809,23.12207277,1.0
HAB8944,-82.33421365,23.0479384,1.0
HAB3475,-82.36122966,23.04996024,1.0
HAB13951,-82.39027048,23.13433149,1.0
HAB8617,-82.40642871,23.13070536,1.0
HAB15982,-82.36173448,23.07841055,1.0
HAB16146,-82.4218592,23.11136419,1.0
HAB16253,-82.37589061,23.10260871,1.0
HAB15207,-82.37435371,23.12271987,1.0
HAB16600,-82.39848722,23.00928799,1.0
HAB11929,-82.46166229,23.0874697,1.0
HAB10812,-82.35900879,23.09441767,1.0
HAB6470,-82.40495886,23.07143195,1.0
HAB2633,-82.52374643,23.07083595,1.0
HAB8528,-82.28011701,23.16536235,1.0
HAB13194,-82.3662165,23.08960977,1.0
HAB5054,-82.44031782,23.05426972,1.0
HAB4243,-82.37577087,22.96630123,1.0
HAB8213,-82.36767246,23.09255852,1.0
HAB18692,-82.42914185,23.09740302,1.0
HAB10500,-82.37679897,23.08951748,1.0
HAB14520,-82.29597688,23.15780625,1.0
HAB18821,-82.32673645,23.12331107,1.0
HAB6742,-82.44414892,23.06916885,1.0
HAB2225,-82.39375591,23.05991278,1.0
HAB16189,-82.39893645,23.05840142,1.0
HAB1653,-82.43767488,23.10025495,1.0
HAB3021,-82.37444642,22.96811689,1.0
HAB17336,-82.3927791,23.11368104,1.0
HAB7569,-82.50250654,23.08048014,1.0
HAB8923,-82.3750484,23.12771043,1.0
HAB14714,-82.37572432,23.1261083,1.0
HAB3289,-82.33617783,23.04513526,1.0
HAB12598,-82.39932032,23.13028525,1.0
HAB8043,-82.320089,23.08415312,1.0
HAB4313,-82.35634804,23.09315443,1.0
HAB14436,-82.37129066,23.08647677,1.0
HAB18470,-82.28090823,23.1568642,1.0
HAB17956,-82.41664678,23.09047247,1.0
HAB12081,-82.35986943,23.11402124,1.0
HAB9440,-82.42010951,23.11049335,1.0
HAB4616,-82.36478806,23.08373896,1.0
HAB17450,-82.43859111,23.06136298,1.0
HAB12997,-82.28203717,23.12038056,1.0
HAB8770,-82.3089572,23.13226812,1.0
HAB10864,-82.45735466,23.06691482,1.0
HAB6406,-82.40071436,23.13083527,1.0
HAB3430,-82.37892151,22.97783377,1.0
HAB2995,-82.42290642,23.07826626,1.0
HAB3550,-82.31032353,23.14657262,1.0
HAB13794,-82.36791897,23.10107327,1.0
HAB7964,-82.38118291,23.14126336,1.0
HAB10477,-82.37854242,22.97959526,1.0
HAB2227,-82.36497539,23.13151451,1.0
HAB12795,-82.35471725,23.09462492,1.0
HAB3912,-82.37417936,23.08113331,1.0
HAB18120,-82.34718561,23.09129902,1.0
HAB13446,-82.42836535,23.08421148,1.0
HAB9961,-82.29453564,23.16199032,1.0
HAB17942,-82.35997082,23.07482754,1.0
HAB1864,-82.46337914,23.0214571,1.0
HAB5643,-82.41226168,23.09219885,1.0
HAB18394,-82.44897402,23.05624376,1.0
HAB2652,-82.40391848,23.11020409,1.0
HAB10463,-82.36454755,23.13288655,1.0
HAB5073,-82.29701623,23.16659642,1.0
HAB12580,-82.427772,23.08066553,1.0
HAB11987,-82.38805169,23.07185519,1.0
HAB1562,-82.52929688,23.06008626,1.0
HAB14916,-82.29537734,23.16140322,1.0
HAB11714,-82.40040038,23.14002686,1.0
HAB9461,-82.37158356,23.09012613,1.0
HAB5858,-82.46152818,23.0614659,1.0
HAB17383,-82.37929702,23.10758231,1.0
HAB7077,-82.44926007,23.09758347,1.0
HAB18817,-82.37777621,22.97891898,1.0
HAB14432,-82.43523631,23.10329307,1.0
HAB8724,-82.42795808,23.06067619,1.0
HAB8026,-82.38451839,22.97427494,1.0
HAB6700,-82.36896842,23.09176606,1.0
HAB14360,-82.37372003,23.06774016,1.0
HAB8215,-82.36969177,23.10004873,1.0
HAB14217,-82.34392088,23.05937556,1.0
HAB18421,-82.37607051,23.11664612,1.0
HAB16617,-82.48866141,23.0850171,1.0
HAB3354,-82.43257356,23.06610089,1.0
HAB12189,-82.30813652,23.12115504,1.0
HAB9456,-82.37450659,23.1059738,1.0
HAB16381,-82.34107613,23.08272581,1.0
HAB15443,-82.3772049,23.08036345,1.0
HAB2665,-82.37542739,23.05265562,1.0
HAB6706,-82.28170687,23.1212959,1.0
HAB7762,-82.2966233,23.059204,1.0
HAB6038,-82.35853162,23.10779431,1.0
HAB9062,-82.29745411,23.12608622,1.0
HAB17838,-82.36843236,23.1411591,1.0
HAB14292,-82.34496395,23.0699328,1.0
HAB18937,-82.35246889,23.05677455,1.0
HAB9460,-82.36962382,23.10245479,1.0
HAB14480,-82.43277991,23.06918824,1.0
HAB5376,-82.30540037,23.14972874,1.0
HAB5974,-82.41262423,23.02166182,1.0
HAB8558,-82.36763437,23.13423049,1.0
HAB12947,-82.46946572,23.07565165,1.0
HAB5530,-82.29977307,23.13344301,1.0
HAB2418,-82.25720286,23.04357765,1.0
HAB15034,-82.27952957,23.05240854,1.0
HAB4045,-82.41889179,23.12857002,1.0
HAB10809,-82.36570817,23.1366693,1.0
HAB12120,-82.37558484,23.10644254,1.0
HAB11997,-82.37692624,23.01200988,1.0
HAB14024,-82.41222126,23.09615649,1.0
HAB4195,-82.39607826,23.11212647,1.0
HAB11425,-82.41072153,23.11466032,1.0
HAB3972,-82.36947415,23.10732252,1.0
HAB6079,-82.33584263,23.12902417,1.0
HAB1354,-82.38300273,23.09529436,1.0
HAB15197,-82.39143133,23.14440484,1.0
HAB18836,-82.52229492,23.06926402,1.0
HAB8041,-82.37269561,23.09169736,1.0
HAB3134,-82.3472975,23.09620667,1.0
HAB10830,-82.38696252,23.08502786,1.0
HAB14156,-82.39458358,23.01423136,1.0
HAB5300,-82.42170417,23.10393956,1.0
HAB15368,-82.25829232,23.05773587,1.0
HAB3477,-82.46355057,23.09159316,1.0
HAB13973,-82.46887028,23.08946827,1.0
HAB11545,-82.37636631,23.13158265,1.0
HAB5513,-82.37774381,23.1016415,1.0
HAB18589,-82.4240832,23.10087063,1.0
HAB14571,-82.37631593,23.08934828,1.0
HAB13095,-82.47118466,22.9839336,1.0
HAB15746,-82.41994111,23.10556321,1.0
HAB10098,-82.36592352,23.08674466,1.0
HAB13142,-82.30454922,23.15085662,1.0
HAB9275,-82.47402468,23.06103219,1.0
HAB18257,-82.39265353,23.11277037,1.0
HAB17208,-82.44333356,23.06177424,1.0
HAB11148,-82.40431081,23.13567299,1.0
HAB7415,-82.38990247,23.01473502,1.0
HAB15369,-82.37664756,23.10066136,1.0
HAB11196,-82.37429604,23.11414564,1.0
HAB1434,-82.3796259,23.12317338,1.0
HAB7155,-82.33194952,23.10083747,1.0
HAB17711,-82.46903032,23.04739095,1.0
HAB18563,-82.40032622,23.06085875,1.0
HAB2884,-82.30455879,23.06743375,1.0
HAB16697,-82.38557875,23.1160439,1.0
HAB9370,-82.23180771,23.10760204,1.0
HAB11507,-82.38498076,23.00336821,1.0
HAB15782,-82.29047835,23.129532,1.0
HAB15017,-82.38161266,23.1001605,1.0
HAB14775,-82.3281312,23.11685303,1.0
HAB15321,-82.28754909,23.06790652,1.0
HAB14609,-82.39206353,23.088839,1.0
HAB6812,-82.45956942,23.071602,1.0
HAB8685,-82.41711017,23.0851376,1.0
HAB17514,-82.35042572,23.09347024,1.0
HAB10609,-82.40499794,23.1349905,1.0
HAB8256,-82.3571221,23.09768241,1.0
HAB6938,-82.37257004,23.09301926,1.0
HAB1545,-82.3336941,23.04293099,1.0
HAB16669,-82.46814251,23.04743291,1.0
HAB13380,-82.36767246,23.09255852,1.0
HAB5732,-82.42320585,23.0037294,1.0
HAB4505,-82.26871573,22.97947514,1.0
HAB9111,-82.37188929,23.10381416,1.0
HAB4363,-82.37599186,23.10822221,1.0
HAB8334,-82.38972008,23.05853898,1.0
HAB2455,-82.36831963,23.08285015,1.0
HAB12239,-82.39885281,23.00940881,1.0
HAB9684,-82.3639973,23.08121227,1.0
HAB13085,-82.31312615,23.07810886,1.0
HAB8823,-82.3927484,23.1142055,1.0
HAB1325,-82.40580797,23.12831349,1.0
HAB3735,-82.35815048,23.09331234,1.0
HAB1252,-82.35410807,23.09507878,1.0
HAB18284,-82.37759889,23.10849375,1.0
HAB14057,-82.42974475,23.08172584,1.0
HAB3673,-82.37882227,23.09199974,1.0
HAB7526,-82.36785203,23.11188739,1.0
HAB2323,-82.37552851,23.09800995,1.0
HAB15323,-82.39422762,23.11350463,1.0
HAB6093,-82.34184265,23.01654828,1.0
HAB6123,-82.37260728,23.11464616,1.0
HAB1034,-82.45666839,23.06783361,1.0
HAB11496,-82.35019151,23.09210533,1.0
HAB18916,-82.46563385,23.09129409,1.0
HAB10746,-82.31021166,23.0993462,1.0
HAB14300,-82.46497482,23.06373137,1.0
HAB9863,-82.39246938,23.08957162,1.0
HAB4029,-82.42242943,23.112897,1.0
HAB16594,-82.40982056,23.00533011,1.0
HAB9518,-82.38053083,23.0794554,1.0
HAB15353,-82.39987593,23.13060269,1.0
HAB12073,-82.35061006,23.09735963,1.0
HAB7027,-82.36148798,23.10867848,1.0
HAB5761,-82.374429,23.0836761,1.0
HAB15465,-82.36907717,23.09969258,1.0
HAB17808,-82.37322159,23.12026417,1.0
HAB18202,-82.33573654,23.04201366,1.0
HAB5777,-82.38165988,23.05496377,1.0
HAB3769,-82.38318648,22.98088316,1.0
HAB16752,-82.21836984,23.00806562,1.0
HAB11982,-82.27626801,23.16703404,1.0
HAB18554,-82.42330072,23.0757404,1.0
HAB6689,-82.29895413,23.1160587,1.0
HAB11058,-82.36910462,23.13713388,1.0
HAB2792,-82.40623766,23.12458177,1.0
HAB10052,-82.37080216,23.10412999,1.0
HAB1677,-82.37033844,23.13294082,1.0
HAB5173,-82.40842044,23.12237988,1.0
HAB10386,-82.41548896,23.0229375,1.0
HAB9225,-82.44415998,23.06188214,1.0
HAB16867,-82.36883608,23.09705678,1.0
HAB15433,-82.3779002,23.10527705,1.0
HAB5191,-82.257399,23.12949968,1.0
HAB9271,-82.37699891,23.07246691,1.0
HAB5699,-82.36123727,23.07301655,1.0
HAB4676,-82.35623271,23.09344327,1.0
HAB10728,-82.31815338,23.07609952,1.0
HAB2534,-82.37841083,23.09390402,1.0
HAB2264,-82.41112505,23.10110231,1.0
HAB12266,-82.38938391,23.05455242,1.0
HAB7349,-82.17653275,23.13420368,1.0
HAB5561,-82.40771023,23.12548739,1.0
HAB2409,-82.41486838,23.11699286,1.0
HAB7536,-82.35729754,23.07416491,1.0
HAB5600,-82.37940632,22.96879657,1.0
HAB2903,-82.38939818,23.09491048,1.0
HAB13914,-82.37878862,23.10454959,1.0
HAB17209,-82.23249435,23.10783888,1.0
HAB7225,-82.43081689,23.10260625,1.0
HAB4409,-82.41391897,23.0937071,1.0
HAB8494,-82.42641887,23.11212147,1.0
HAB16819,-82.36761332,23.13392743,1.0
HAB14738,-82.33081073,23.10534471,1.0
HAB5283,-82.46850193,23.05619138,1.0
HAB17936,-82.46706197,23.0523173,1.0
HAB15986,-82.29971051,23.15929083,1.0
HAB13963,-82.45933173,23.03119723,1.0
HAB15867,-82.41995931,23.11139626,1.0
HAB1047,-82.37343371,23.11559123,1.0
HAB9309,-82.37799872,23.09233183,1.0
HAB7387,-82.41499806,23.09266278,1.0
HAB3357,-82.36282541,23.11143453,1.0
HAB5717,-82.38806238,23.1010851,1.0
HAB9809,-82.38149643,23.1373608,1.0
HAB16940,-82.35334789,23.10571719,1.0
HAB4410,-82.37715744,23.13860588,1.0
HAB5376,-82.41849706,23.11011092,1.0
HAB15609,-82.41972571,23.12849956,1.0
HAB10009,-82.37622954,23.13571414,1.0
HAB10588,-82.37290107,23.0945271,1.0
HAB15053,-82.37795397,23.08168589,1.0
HAB18898,-82.32618477,23.12077028,1.0
HAB8142,-82.37623215,23.10831254,1.0
HAB5276,-82.35955999,23.10844387,1.0
HAB6652,-82.41437451,23.11447864,1.0
HAB15686,-82.32927055,23.1169754,1.0
HAB18580,-82.42161867,23.07733887,1.0
HAB7169,-82.40430057,23.13087383,1.0
HAB12405,-82.36382262,23.06871951,1.0
HAB8515,-82.36535061,23.04768629,1.0
HAB7150,-82.38280401,22.99956778,1.0
HAB1421,-82.37823405,23.1352829,1.0
HAB2668,-82.39394188,23.06410648,1.0
HAB18532,-82.3607254,23.14335911,1.0
HAB15046,-82.42266297,23.08327755,1.0
HAB13134,-82.37327814,23.08689727,1.0
HAB11844,-82.3285696,23.09174078,1.0
HAB16231,-82.38434494,23.13721281,1.0
HAB11765,-82.35910076,23.11061769,1.0
HAB9403,-82.35027092,23.09887804,1.0
HAB1260,-82.3672619,23.11969076,1.0
HAB10345,-82.39519179,23.13429248,1.0
HAB14043,-82.38379984,22.98135807,1.0
HAB13074,-82.30187237,23.12139687,1.0
HAB7962,-82.4416339,23.07559774,1.0
HAB7534,-82.42687304,23.07706884,1.0
HAB12283,-82.5013412,23.01516451,1.0
HAB8983,-82.39964359,23.00957345,1.0
HAB15141,-82.33437538,23.09388505,1.0
HAB10780,-82.2640874,23.0497782,1.0
HAB4841,-82.37611876,23.10668118,1.0
